mAP50,mAP50-95,precision,recall
0.7559329369743486,0.415763809802398,0.7338153067757522,0.7081067582001807
